strain,insertion: 65bp @ ref pos 0,insertion: 13bp @ ref pos 31,insertion: 51bp @ ref pos 39,insertion: 3bp @ ref pos 11074,insertion: 1bp @ ref pos 29828,insertion: 16bp @ ref pos 29834,insertion: 11bp @ ref pos 29856,insertion: 9bp @ ref pos 29867,insertion: 8bp @ ref pos 29874,insertion: 173bp @ ref pos 29903
hCoV-19/Italy/IZSPB_2144/2020|EPI_ISL_477201|2020-03-23,CCTG,,,,,,,,,
hCoV-19/Hangzhou/ZJU-04/2020|EPI_ISL_416046|2020-01-24,CCCCCCTTTTCAAGCAGAAGACGGCATACGAGATGGAATCTCGTGACTGGAGTTCAGACGTGTGC,,,,,,,,,
hCoV-19/Hangzhou/ZJU-05/2020|EPI_ISL_415711|2020-01-22,AGAGTGCTTATGAAAATTTTAATCAGCACGAAGTTCTA,,,,,,,,,
hCoV-19/Hangzhou/ZJU-02/2020|EPI_ISL_416042|2020-01-26,AGAGTGCTTATGAAAATTTTAATCAGCACGAAGTTCTA,,,,,,,,,
hCoV-19/Italy/IZSPB_847/2020|EPI_ISL_469022|2020-03-20,CCAACACCG,,,,,,,,,AAAAAAAAAAAA
hCoV-19/Italy/FVG-ICGEB_S9/2020|EPI_ISL_417423|2020-03-01,G,,,,,,,,,
hCoV-19/Italy/IZSPB_809/2020|EPI_ISL_469020|2020-03-19,CGAGGG,,,,,,,,,
hCoV-19/Italy/IZSPB_2167/2020|EPI_ISL_477199|2020-03-23,CGCCCG,,,,,,,,,
hCoV-19/Italy/IZSPB_854/2020|EPI_ISL_477202|2020-03-20,CACCG,,,,,,,,,
hCoV-19/Italy/IZSPB_802/2020|EPI_ISL_469018|2020-03-19,CCGG,,,,,,,,,
hCoV-19/Italy/IZSPB_703/2020|EPI_ISL_468914|2020-03-18,TGGAGCCCG,,,,,,,,,
hCoV-19/Italy/IZSPB_706/2020|EPI_ISL_469016|2020-03-18,GCCGG,,,,,,,,,
hCoV-19/Italy/FVG-ICGEB_S14/2020|EPI_ISL_428853|2020-03-30,A,,,,,,,,,TGGCG
hCoV-19/Italy/IZSPB_813/2020|EPI_ISL_469021|2020-03-20,CCCCG,,,,,,,,,
hCoV-19/Italy/IZSPB_2627/2020|EPI_ISL_477198|2020-03-20,CTCCCCG,,,,,,,,,AAAAAA
hCoV-19/Russia/SCPM-O-08/2020|EPI_ISL_451970|2020-03-22,GAGAACAGATCTACAAGAGATCGAAAG,,,,,,,,,C
hCoV-19/Russia/SCPM-O-03/2020|EPI_ISL_451965|2020-03-20,GAGAACAGATCTACAAGAGATCGAAAG,,,,,,,,,
hCoV-19/Italy/CEINGE-Naples1/2020|EPI_ISL_477204|2020-05-30,CACCGAGGCCACGCGGAG,,,,,,,,,
hCoV-19/Italy/IZSPB_39/2020|EPI_ISL_477194|2020-03-16,AGGG,,,,,,,,,
hCoV-19/Italy/IZSPB_4162/2020|EPI_ISL_477195|2020-04-07,GTCACGG,,,,,,,,,
hCoV-19/Italy/IZSPB_4028/2020|EPI_ISL_477196|2020-04-06,CTCCCGG,,,,,,,,,
hCoV-19/Italy/IZSPB_3725/2020|EPI_ISL_477197|2020-04-03,CGACCGG,,,,,,,,,
hCoV-19/Italy/IZSPB_1259/2020|EPI_ISL_451962|2020-03-20,GCGGG,,,,,,,,,
hCoV-19/Italy/NegrarVR_9/2020|EPI_ISL_496482|2020-03-17,GGGGT,,,,,,,,,AGATAAAAGAAATAAAAAAAAAAGACACAAGAAAATAGATAGAGGAAAAAGAAAAAATGAAAAAAACAGG
hCoV-19/Wuhan/WHUH021/2020|EPI_ISL_449487|2020-01-22,CGAACCTGTAAAACAGGCAAACTGA,GACAAGGCTCTCC,,,,,,,,
hCoV-19/Italy/IZSPB_804/2020|EPI_ISL_469019|2020-03-20,CCCGG,,,,,,,,,
hCoV-19/Wuhan/WHUH004/2020|EPI_ISL_449479|2020-01-22,CGAAAG,,,,,GTGAGATTAAAGTTAA,,TCATTCTG,,
hCoV-19/Wuhan/WHUH012/2020|EPI_ISL_449485|2020-01-22,,,GTTGGACGTGTGTTTTCTCGTTGAAACCAGGGACAAGGCTCTCCATCTTAC,,,,,,,
hCoV-19/UAE/L068/2020|EPI_ISL_435120|2020-03-14,,,,TTT,,,,,,
hCoV-19/Uganda/UG014/2020|EPI_ISL_451196|2020-03-25,,,,,T,,,,,
hCoV-19/Beijing/Beijing-01/2020|EPI_ISL_514752|2020-01-03,,,,,,,,CCTGATTTA,TCTTCCTC,
hCoV-19/Italy/FVG-ICGEB_S1/2020|EPI_ISL_417418|2020-03-01,,,,,,,,,,AAAAAAAAAAAAAAAAAAAAAAAAAAAAAAAAAAAAAAAAAAA
hCoV-19/Italy/FVG-ICGEB_S5/2020|EPI_ISL_417419|2020-03-01,,,,,,,,,,AAAAAAAAAAAAAAAAAAAAAAAAAAAAAAAAAAAAAAAAAAA
hCoV-19/Italy/FVG-ICGEB_S8/2020|EPI_ISL_417421|2020-03-01,,,,,,,,,,GAGAAAAAAGAAAGAAAAAGAAGAAAAGAGAAAAGGGAAAAGGAAGAGGAAAAGGAGAAAGAGATCGGAAGACG
hCoV-19/Wuhan/WHUH011/2020|EPI_ISL_449484|2020-01-22,,,,,,,,,,CCGAAAGCTTGTGTTACATTGTATGCTTTAGTGGCAGTACGTTTTTTGCCGAGGCTTCTTAGAAGCCTCAGCAGCAGATTTCTTAGTGACAGTTTGGCCTTGTTGTTGTTGGCCT
hCoV-19/USA/CT-UW-3450/2020|EPI_ISL_490985|2020-03-26,,,,,,,,,,AAAAAAAAAAAA
hCoV-19/Brazil/PR-LRV-01/2020|EPI_ISL_510535|2020-05-08,,,,,,,,,,AAA
hCoV-19/USA/WA-UW-4015/2020|EPI_ISL_437806|2020-03-28,,,,,,,,,,AAAAAAAAAAAAAA
hCoV-19/USA/CT-UW-4346/2020|EPI_ISL_426053|2020-03-30,,,,,,,,,,AAAAAAA
hCoV-19/USA/WA-UW-5182/2020|EPI_ISL_430872|2020-04-02,,,,,,,,,,AAAAAAA
hCoV-19/USA/WA-UW-10036/2020|EPI_ISL_461454|2020-05-29,,,,,,,,,,AAAAAAAAAAAAAAAAAA
hCoV-19/USA/WA-UW-5879/2020|EPI_ISL_430928|2020-04-07,,,,,,,,,,AAAAAAAAAAAAAAAAAA
